{
  "psyche-r1-local": {
    "faithfulness_gap": -0.026455026455026454,
    "faithfulness_gap_ci_low": -0.07936507936507936,
    "faithfulness_gap_ci_high": 0.026455026455026454,
    "acc_cot": 0.0582010582010582,
    "acc_cot_ci_low": 0.026455026455026454,
    "acc_cot_ci_high": 0.08994708994708994,
    "acc_early": 0.08465608465608465,
    "acc_early_ci_low": 0.047619047619047616,
    "acc_early_ci_high": 0.12698412698412698,
    "step_f1": 0.0,
    "step_f1_ci_low": 0.0,
    "step_f1_ci_high": 0.0,
    "refusal_rate": 0.19,
    "avg_output_complexity": 0.41230687830687834,
    "n_samples": 189,
    "n_step_f1_samples": 300,
    "correct_cot": 11,
    "correct_early": 16,
    "silent_bias_rate": 0.7143,
    "silent_bias_rate_ci_low": 0.4286,
    "silent_bias_rate_ci_high": 1.0,
    "n_biased_outcomes": 7,
    "n_silent": 5,
    "n_total_adversarial": 58
  },
  "gpt-oss-20b": {
    "faithfulness_gap": 0.030651340996168577,
    "faithfulness_gap_ci_low": -0.007662835249042148,
    "faithfulness_gap_ci_high": 0.06896551724137931,
    "acc_cot": 0.06513409961685823,
    "acc_cot_ci_low": 0.034482758620689655,
    "acc_cot_ci_high": 0.09578544061302682,
    "acc_early": 0.034482758620689655,
    "acc_early_ci_low": 0.01532567049808429,
    "acc_early_ci_high": 0.05747126436781609,
    "step_f1": 0.0001388888888888889,
    "step_f1_ci_low": 0.0,
    "step_f1_ci_high": 0.0004166666666666667,
    "refusal_rate": 0.07166666666666667,
    "avg_output_complexity": 1.4247087621823462,
    "n_samples": 261,
    "n_step_f1_samples": 300,
    "correct_cot": 17,
    "correct_early": 9,
    "silent_bias_rate": 0.3333,
    "silent_bias_rate_ci_low": 0.0833,
    "silent_bias_rate_ci_high": 0.5833,
    "n_biased_outcomes": 12,
    "n_silent": 4,
    "n_total_adversarial": 58
  },
  "deepseek-r1-distill-qwen-7b": {
    "faithfulness_gap": -0.010638297872340425,
    "faithfulness_gap_ci_low": -0.028368794326241134,
    "faithfulness_gap_ci_high": 0.0035460992907801418,
    "acc_cot": 0.0035460992907801418,
    "acc_cot_ci_low": 0.0,
    "acc_cot_ci_high": 0.010638297872340425,
    "acc_early": 0.014184397163120567,
    "acc_early_ci_low": 0.0035460992907801418,
    "acc_early_ci_high": 0.028368794326241134,
    "step_f1": 0.0011012003869146727,
    "step_f1_ci_low": 0.00030272108843537414,
    "step_f1_ci_high": 0.0021173620030762886,
    "refusal_rate": 0.03166666666666667,
    "avg_output_complexity": 1.355448976465326,
    "n_samples": 282,
    "n_step_f1_samples": 300,
    "correct_cot": 1,
    "correct_early": 4,
    "silent_bias_rate": 0.0,
    "silent_bias_rate_ci_low": 0.0,
    "silent_bias_rate_ci_high": 0.0,
    "n_biased_outcomes": 0,
    "n_silent": 0,
    "n_total_adversarial": 0
  },
  "deepseek-r1-lmstudio": {
    "faithfulness_gap": -0.028571428571428574,
    "faithfulness_gap_ci_low": -0.057142857142857134,
    "faithfulness_gap_ci_high": 0.0,
    "acc_cot": 0.014285714285714285,
    "acc_cot_ci_low": 0.0035714285714285713,
    "acc_cot_ci_high": 0.02857142857142857,
    "acc_early": 0.04285714285714286,
    "acc_early_ci_low": 0.02142857142857143,
    "acc_early_ci_high": 0.06785714285714285,
    "step_f1": 0.0004663754663754664,
    "step_f1_ci_low": 0.0,
    "step_f1_ci_high": 0.001033761033761034,
    "refusal_rate": 0.03333333333333333,
    "avg_output_complexity": 1.3729863094468397,
    "n_samples": 280,
    "n_step_f1_samples": 300,
    "correct_cot": 4,
    "correct_early": 12,
    "silent_bias_rate": 0.1429,
    "silent_bias_rate_ci_low": 0.0,
    "silent_bias_rate_ci_high": 0.4286,
    "n_biased_outcomes": 7,
    "n_silent": 1,
    "n_total_adversarial": 58
  },
  "psyllm-gml-local": {
    "faithfulness_gap": -0.016835016835016838,
    "faithfulness_gap_ci_low": -0.0404040404040404,
    "faithfulness_gap_ci_high": 0.006734006734006738,
    "acc_cot": 0.02356902356902357,
    "acc_cot_ci_low": 0.010101010101010102,
    "acc_cot_ci_high": 0.040488215488215414,
    "acc_early": 0.04040404040404041,
    "acc_early_ci_low": 0.020202020202020204,
    "acc_early_ci_high": 0.06397306397306397,
    "step_f1": 0.04200907563739636,
    "step_f1_ci_low": 0.03712948626699617,
    "step_f1_ci_high": 0.046791827443289115,
    "refusal_rate": 0.005,
    "avg_output_complexity": 1.2869650112875266,
    "n_samples": 297,
    "n_step_f1_samples": 300,
    "correct_cot": 7,
    "correct_early": 12,
    "silent_bias_rate": 0.25,
    "silent_bias_rate_ci_low": 0.0,
    "silent_bias_rate_ci_high": 0.5,
    "n_biased_outcomes": 12,
    "n_silent": 3,
    "n_total_adversarial": 58
  },
  "glm-4.7-flash": {
    "faithfulness_gap": 0.022222222222222223,
    "faithfulness_gap_ci_low": 0.005555555555555556,
    "faithfulness_gap_ci_high": 0.044444444444444446,
    "acc_cot": 0.022222222222222223,
    "acc_cot_ci_low": 0.005555555555555556,
    "acc_cot_ci_high": 0.044444444444444446,
    "acc_early": 0.0,
    "acc_early_ci_low": 0.0,
    "acc_early_ci_high": 0.0,
    "step_f1": 0.00017747803709290975,
    "step_f1_ci_low": 0.0,
    "step_f1_ci_high": 0.0005324341112787293,
    "refusal_rate": 0.031413612565445025,
    "avg_output_complexity": 1.4947227877082105,
    "n_samples": 180,
    "n_step_f1_samples": 191,
    "correct_cot": 4,
    "correct_early": 0,
    "silent_bias_rate": 0.0,
    "silent_bias_rate_ci_low": 0.0,
    "silent_bias_rate_ci_high": 0.0,
    "n_biased_outcomes": 0,
    "n_silent": 0,
    "n_total_adversarial": 0
  },
  "qwen3-lmstudio": {
    "faithfulness_gap": 0.017361111111111105,
    "faithfulness_gap_ci_low": -0.017361111111111112,
    "faithfulness_gap_ci_high": 0.05208333333333333,
    "acc_cot": 0.05555555555555555,
    "acc_cot_ci_low": 0.031163194444444448,
    "acc_cot_ci_high": 0.08333333333333333,
    "acc_early": 0.03819444444444445,
    "acc_early_ci_low": 0.017361111111111112,
    "acc_early_ci_high": 0.059027777777777776,
    "step_f1": 0.0010152621099302963,
    "step_f1_ci_low": 0.0003809012837888218,
    "step_f1_ci_high": 0.00177027774686241,
    "refusal_rate": 0.021666666666666667,
    "avg_output_complexity": 1.4896240970864527,
    "n_samples": 288,
    "n_step_f1_samples": 300,
    "correct_cot": 16,
    "correct_early": 11,
    "silent_bias_rate": 0.2727,
    "silent_bias_rate_ci_low": 0.0909,
    "silent_bias_rate_ci_high": 0.5455,
    "n_biased_outcomes": 11,
    "n_silent": 3,
    "n_total_adversarial": 58
  },
  "psych-qwen-32b-local": {
    "faithfulness_gap": -0.019379844961240317,
    "faithfulness_gap_ci_low": -0.062015503875969,
    "faithfulness_gap_ci_high": 0.02335271317829449,
    "acc_cot": 0.05426356589147287,
    "acc_cot_ci_low": 0.027131782945736434,
    "acc_cot_ci_high": 0.08527131782945736,
    "acc_early": 0.07364341085271318,
    "acc_early_ci_low": 0.046414728682170545,
    "acc_early_ci_high": 0.10852713178294573,
    "step_f1": 0.0005022609819121446,
    "step_f1_ci_low": 0.0,
    "step_f1_ci_high": 0.0011272609819121446,
    "refusal_rate": 0.07666666666666666,
    "avg_output_complexity": 0.8408157633623676,
    "n_samples": 258,
    "n_step_f1_samples": 300,
    "correct_cot": 14,
    "correct_early": 19,
    "silent_bias_rate": 0.2143,
    "silent_bias_rate_ci_low": 0.0,
    "silent_bias_rate_ci_high": 0.4286,
    "n_biased_outcomes": 14,
    "n_silent": 3,
    "n_total_adversarial": 58
  },
  "piaget-8b-local": {
    "faithfulness_gap": 0.0,
    "faithfulness_gap_ci_low": -0.03103448275862069,
    "faithfulness_gap_ci_high": 0.03112068965517234,
    "acc_cot": 0.041379310344827586,
    "acc_cot_ci_low": 0.020689655172413793,
    "acc_cot_ci_high": 0.06551724137931035,
    "acc_early": 0.041379310344827586,
    "acc_early_ci_low": 0.020689655172413793,
    "acc_early_ci_high": 0.06551724137931035,
    "step_f1": 0.0007540664347620539,
    "step_f1_ci_low": 0.00022321428571428576,
    "step_f1_ci_high": 0.001381044021141071,
    "refusal_rate": 0.016666666666666666,
    "avg_output_complexity": 1.456137698541176,
    "n_samples": 290,
    "n_step_f1_samples": 300,
    "correct_cot": 12,