{
  "deepseek-r1-distill-qwen-7b": {
    "faithfulness_gap": -0.04964539007092199,
    "faithfulness_gap_ci_low": -0.08156028368794326,
    "faithfulness_gap_ci_high": -0.02127659574468085,
    "acc_cot": 0.02127659574468085,
    "acc_cot_ci_low": 0.0070921985815602835,
    "acc_cot_ci_high": 0.03909574468085098,
    "acc_early": 0.07092198581560284,
    "acc_early_ci_low": 0.0425531914893617,
    "acc_early_ci_high": 0.10283687943262411,
    "step_f1": 0.01309149757381805,
    "step_f1_ci_low": 0.009977926808598256,
    "step_f1_ci_high": 0.015949420772508462,
    "refusal_rate": 0.03166666666666667,
    "avg_output_complexity": 1.355448976465326,
    "n_samples": 282,
    "n_step_f1_samples": 300,
    "correct_cot": 6,
    "correct_early": 20,
    "silent_bias_rate": 0.0,
    "silent_bias_rate_ci_low": 0.0,
    "silent_bias_rate_ci_high": 0.0,
    "n_biased_outcomes": 0,
    "n_silent": 0,
    "n_total_adversarial": 0
  },
  "deepseek-r1-lmstudio": {
    "faithfulness_gap": 0.010714285714285718,
    "faithfulness_gap_ci_low": -0.03214285714285714,
    "faithfulness_gap_ci_high": 0.049999999999999996,
    "acc_cot": 0.08928571428571429,
    "acc_cot_ci_low": 0.05714285714285714,
    "acc_cot_ci_high": 0.12142857142857143,
    "acc_early": 0.07857142857142857,
    "acc_early_ci_low": 0.04642857142857143,
    "acc_early_ci_high": 0.11071428571428571,
    "step_f1": 0.01630998876532975,
    "step_f1_ci_low": 0.013444414357026447,
    "step_f1_ci_high": 0.01906193653773294,
    "refusal_rate": 0.03333333333333333,
    "avg_output_complexity": 1.3729863094468397,
    "n_samples": 280,
    "n_step_f1_samples": 300,
    "correct_cot": 25,
    "correct_early": 22,
    "silent_bias_rate": 0.0,
    "silent_bias_rate_ci_low": 0.0,
    "silent_bias_rate_ci_high": 0.0,
    "n_biased_outcomes": 0,
    "n_silent": 0,
    "n_total_adversarial": 0
  },
  "glm-4.7-flash": {
    "faithfulness_gap": 0.049999999999999996,
    "faithfulness_gap_ci_low": 0.011111111111111113,
    "faithfulness_gap_ci_high": 0.08888888888888889,
    "acc_cot": 0.06111111111111111,
    "acc_cot_ci_low": 0.027777777777777776,
    "acc_cot_ci_high": 0.1,
    "acc_early": 0.011111111111111112,
    "acc_early_ci_low": 0.0,
    "acc_early_ci_high": 0.027777777777777776,
    "step_f1": 0.0014253464804753534,
    "step_f1_ci_low": 0.0006413455900110047,
    "step_f1_ci_high": 0.002386371565292489,
    "refusal_rate": 0.031413612565445025,
    "avg_output_complexity": 1.4947227877082105,
    "n_samples": 180,
    "n_step_f1_samples": 191,
    "correct_cot": 11,
    "correct_early": 2,
    "silent_bias_rate": 0.0,
    "silent_bias_rate_ci_low": 0.0,
    "silent_bias_rate_ci_high": 0.0,
    "n_biased_outcomes": 0,
    "n_silent": 0,
    "n_total_adversarial": 0
  },
  "gpt-oss-20b": {
    "faithfulness_gap": 0.06130268199233716,
    "faithfulness_gap_ci_low": 0.015325670498084296,
    "faithfulness_gap_ci_high": 0.10727969348659003,
    "acc_cot": 0.09961685823754789,
    "acc_cot_ci_low": 0.06513409961685823,
    "acc_cot_ci_high": 0.13793103448275862,
    "acc_early": 0.038314176245210725,
    "acc_early_ci_low": 0.01532567049808429,
    "acc_early_ci_high": 0.06130268199233716,
    "step_f1": 0.005802920451034213,
    "step_f1_ci_low": 0.00398046445612105,
    "step_f1_ci_high": 0.007740357263958296,
    "refusal_rate": 0.07166666666666667,
    "avg_output_complexity": 1.4247087621823462,
    "n_samples": 261,
    "n_step_f1_samples": 300,
    "correct_cot": 26,
    "correct_early": 10,
    "silent_bias_rate": 0.0,
    "silent_bias_rate_ci_low": 0.0,
    "silent_bias_rate_ci_high": 0.0,
    "n_biased_outcomes": 0,
    "n_silent": 0,
    "n_total_adversarial": 0
  },
  "piaget-8b-local": {
    "faithfulness_gap": -0.006896551724137931,
    "faithfulness_gap_ci_low": -0.04827586206896552,
    "faithfulness_gap_ci_high": 0.034482758620689655,
    "acc_cot": 0.07241379310344828,
    "acc_cot_ci_low": 0.04482758620689655,
    "acc_cot_ci_high": 0.10344827586206896,
    "acc_early": 0.07931034482758621,
    "acc_early_ci_low": 0.04827586206896552,
    "acc_early_ci_high": 0.11379310344827587,
    "step_f1": 0.020921518517896955,
    "step_f1_ci_low": 0.017888506223280254,
    "step_f1_ci_high": 0.024164302768470404,
    "refusal_rate": 0.016666666666666666,
    "avg_output_complexity": 1.456137698541176,
    "n_samples": 290,
    "n_step_f1_samples": 300,
    "correct_cot": 21,
    "correct_early": 23,
    "silent_bias_rate": 0.0,
    "silent_bias_rate_ci_low": 0.0,
    "silent_bias_rate_ci_high": 0.0,
    "n_biased_outcomes": 0,
    "n_silent": 0,
    "n_total_adversarial": 0
  },
  "psych-qwen-32b-local": {
    "faithfulness_gap": -0.01937984496124031,
    "faithfulness_gap_ci_low": -0.06201550387596899,
    "faithfulness_gap_ci_high": 0.019379844961240317,
    "acc_cot": 0.050387596899224806,
    "acc_cot_ci_low": 0.027034883720930238,
    "acc_cot_ci_high": 0.07751937984496124,
    "acc_early": 0.06976744186046512,
    "acc_early_ci_low": 0.04263565891472868,
    "acc_early_ci_high": 0.10077519379844961,
    "step_f1": 0.025438042642405605,
    "step_f1_ci_low": 0.021832709003252817,
    "step_f1_ci_high": 0.029606913689773178,
    "refusal_rate": 0.07666666666666666,
    "avg_output_complexity": 0.8408157633623676,
    "n_samples": 258,
    "n_step_f1_samples": 300,
    "correct_cot": 13,
    "correct_early": 18,
    "silent_bias_rate": 0.0,
    "silent_bias_rate_ci_low": 0.0,
    "silent_bias_rate_ci_high": 0.0,
    "n_biased_outcomes": 0,
    "n_silent": 0,
    "n_total_adversarial": 0
  },
  "psyche-r1-local": {
    "faithfulness_gap": -0.07936507936507936,
    "faithfulness_gap_ci_low": -0.14285714285714285,
    "faithfulness_gap_ci_high": -0.021164021164021163,
    "acc_cot": 0.1164021164021164,
    "acc_cot_ci_low": 0.07407407407407407,
    "acc_cot_ci_high": 0.15873015873015872,
    "acc_early": 0.19576719576719576,
    "acc_early_ci_low": 0.13756613756613756,
    "acc_early_ci_high": 0.25396825396825395,
    "step_f1": 0.002874417958350915,
    "step_f1_ci_low": 0.0011881676385012566,
    "step_f1_ci_high": 0.004734783468136197,
    "refusal_rate": 0.19,
    "avg_output_complexity": 0.41230687830687834,
    "n_samples": 189,
    "n_step_f1_samples": 300,
    "correct_cot": 22,
    "correct_early": 37,
    "silent_bias_rate": 0.0,
    "silent_bias_rate_ci_low": 0.0,
    "silent_bias_rate_ci_high": 0.0,
    "n_biased_outcomes": 0,
    "n_silent": 0,
    "n_total_adversarial": 0
  },
  "psyllm-gml-local": {
    "faithfulness_gap": -0.013468013468013467,
    "faithfulness_gap_ci_low": -0.03703703703703704,
    "faithfulness_gap_ci_high": 0.0101010101010101,
    "acc_cot": 0.013468013468013467,
    "acc_cot_ci_low": 0.003367003367003367,
    "acc_cot_ci_high": 0.026936026936026935,
    "acc_early": 0.026936026936026935,
    "acc_early_ci_low": 0.010101010101010102,
    "acc_early_ci_high": 0.04713804713804714,
    "step_f1": 0.10982121812184485,
    "step_f1_ci_low": 0.10186710522417287,
    "step_f1_ci_high": 0.11753442211373093,
    "refusal_rate": 0.005,
    "avg_output_complexity": 1.2869650112875266,
    "n_samples": 297,
    "n_step_f1_samples": 300,
    "correct_cot": 4,
    "correct_early": 8,
    "silent_bias_rate": 0.0,
    "silent_bias_rate_ci_low": 0.0,
    "silent_bias_rate_ci_high": 0.0,
    "n_biased_outcomes": 0,
    "n_silent": 0,
    "n_total_adversarial": 0
  },
  "qwen3-lmstudio": {
    "faithfulness_gap": 0.059027777777777776,
    "faithfulness_gap_ci_low": 0.013888888888888881,
    "faithfulness_gap_ci_high": 0.10763888888888887,
    "acc_cot": 0.12152777777777778,
    "acc_cot_ci_low": 0.08680555555555555,
    "acc_cot_ci_high": 0.1598090277777777,
    "acc_early": 0.0625,
    "acc_early_ci_low": 0.034722222222222224,
    "acc_early_ci_high": 0.09027777777777778,
    "step_f1": 0.02683324994881034,
    "step_f1_ci_low": 0.02321794322155742,
    "step_f1_ci_high": 0.030609145476956947,
    "refusal_rate": 0.021666666666666667,