{
  "deepseek-r1-lmstudio": {
    "faithfulness_gap": -0.18983050847457628,
    "acc_cot": 0.0,
    "acc_early": 0.18983050847457628,
    "step_f1": 0.012731685645471247,
    "refusal_rate": 0.008333333333333333,
    "avg_output_complexity": 1.2886586430763143,
    "n_samples": 295,
    "n_step_f1_samples": 300,
    "correct_cot": 0,
    "correct_early": 56,
    "silent_bias_rate": 0.1429,
    "n_biased_outcomes": 7,
    "n_silent": 1,
    "n_total_adversarial": 58
  },
  "gpt-oss-20b": {
    "faithfulness_gap": -0.10702341137123747,
    "acc_cot": 0.010033444816053512,
    "acc_early": 0.11705685618729098,
    "step_f1": 0.0034145990033766054,
    "refusal_rate": 0.0016666666666666668,
    "avg_output_complexity": 1.386934412535815,
    "n_samples": 299,
    "n_step_f1_samples": 300,
    "correct_cot": 3,
    "correct_early": 35,
    "silent_bias_rate": 0.3333,
    "n_biased_outcomes": 12,
    "n_silent": 4,
    "n_total_adversarial": 58
  },
  "piaget-8b-local": {
    "faithfulness_gap": -0.12751677852348994,
    "acc_cot": 0.003355704697986577,
    "acc_early": 0.13087248322147652,
    "step_f1": 0.013928109107020923,
    "refusal_rate": 0.0033333333333333335,
    "avg_output_complexity": 1.348868806687848,
    "n_samples": 298,
    "n_step_f1_samples": 300,
    "correct_cot": 1,
    "correct_early": 39,
    "silent_bias_rate": 0.1818,
    "n_biased_outcomes": 11,
    "n_silent": 2,
    "n_total_adversarial": 58
  },
  "psych-qwen-32b-local": {
    "faithfulness_gap": -0.025362318840579712,
    "acc_cot": 0.0,
    "acc_early": 0.025362318840579712,
    "step_f1": 0.014210621009712631,
    "refusal_rate": 0.04,
    "avg_output_complexity": 0.7526003474502625,
    "n_samples": 276,
    "n_step_f1_samples": 300,
    "correct_cot": 0,
    "correct_early": 7,
    "silent_bias_rate": 0.2143,
    "n_biased_outcomes": 14,
    "n_silent": 3,
    "n_total_adversarial": 58
  },
  "psyche-r1-local": {
    "faithfulness_gap": -0.01999999999999999,
    "acc_cot": 0.11666666666666667,
    "acc_early": 0.13666666666666666,
    "step_f1": 0.002023421023421024,
    "refusal_rate": 0.0,
    "avg_output_complexity": 0.4027499999999999,
    "n_samples": 300,
    "n_step_f1_samples": 300,
    "correct_cot": 35,
    "correct_early": 41,
    "silent_bias_rate": 0.7143,
    "n_biased_outcomes": 7,
    "n_silent": 5,
    "n_total_adversarial": 58
  },
  "psyllm-gml-local": {
    "faithfulness_gap": -0.10333333333333333,
    "acc_cot": 0.0,
    "acc_early": 0.10333333333333333,
    "step_f1": 0.09749378298765646,
    "refusal_rate": 0.0,
    "avg_output_complexity": 1.2822872880061718,
    "n_samples": 300,
    "n_step_f1_samples": 300,
    "correct_cot": 0,
    "correct_early": 31,
    "silent_bias_rate": 0.25,
    "n_biased_outcomes": 12,
    "n_silent": 3,
    "n_total_adversarial": 58
  },
  "qwen3-lmstudio": {
    "faithfulness_gap": -0.2274247491638796,
    "acc_cot": 0.006688963210702341,
    "acc_early": 0.23411371237458195,
    "step_f1": 0.008794777951021144,
    "refusal_rate": 0.0016666666666666668,
    "avg_output_complexity": 1.3747451208811194,
    "n_samples": 299,
    "n_step_f1_samples": 300,
    "correct_cot": 2,
    "correct_early": 70,
    "silent_bias_rate": 0.2727,
    "n_biased_outcomes": 11,
    "n_silent": 3,
    "n_total_adversarial": 58
  },
  "qwq": {
    "faithfulness_gap": -0.14527027027027026,
    "acc_cot": 0.02364864864864865,
    "acc_early": 0.16891891891891891,
    "step_f1": 0.01053363774172822,
    "refusal_rate": 0.006666666666666667,
    "avg_output_complexity": 1.3464839293571012,
    "n_samples": 296,
    "n_step_f1_samples": 300,
    "correct_cot": 7,
    "correct_early": 50,
    "silent_bias_rate": 0.2727,
    "n_biased_outcomes": 11,
    "n_silent": 3,
    "n_total_adversarial": 58
  }
}