{
  "deepseek-r1-distill-qwen-7b": {
    "faithfulness_gap": -0.08053691275167785,
    "faithfulness_gap_ci_low": -0.11409395973154363,
    "faithfulness_gap_ci_high": -0.04697986577181208,
    "acc_cot": 0.010067114093959731,
    "acc_cot_ci_low": 0.0,
    "acc_cot_ci_high": 0.02348993288590604,
    "acc_early": 0.09060402684563758,
    "acc_early_ci_low": 0.06040268456375839,
    "acc_early_ci_high": 0.12416107382550336,
    "step_f1": 0.01309149757381805,
    "step_f1_ci_low": 0.009977926808598256,
    "step_f1_ci_high": 0.015949420772508462,
    "refusal_rate": 0.0033333333333333335,
    "avg_output_complexity": 1.2873082022273126,
    "n_samples": 298,
    "n_step_f1_samples": 300,
    "correct_cot": 3,
    "correct_early": 27,
    "silent_bias_rate": 0.0,
    "n_biased_outcomes": 0,
    "n_silent": 0,
    "n_total_adversarial": 0
  },
  "deepseek-r1-lmstudio": {
    "faithfulness_gap": -0.18983050847457628,
    "faithfulness_gap_ci_low": -0.23389830508474577,
    "faithfulness_gap_ci_high": -0.14576271186440679,
    "acc_cot": 0.0,
    "acc_cot_ci_low": 0.0,
    "acc_cot_ci_high": 0.0,
    "acc_early": 0.18983050847457628,
    "acc_early_ci_low": 0.14576271186440679,
    "acc_early_ci_high": 0.23389830508474577,
    "step_f1": 0.01630998876532975,
    "step_f1_ci_low": 0.013444414357026447,
    "step_f1_ci_high": 0.01906193653773294,
    "refusal_rate": 0.008333333333333333,
    "avg_output_complexity": 1.2886586430763143,
    "n_samples": 295,
    "n_step_f1_samples": 300,
    "correct_cot": 0,
    "correct_early": 56,
    "silent_bias_rate": 0.1429,
    "n_biased_outcomes": 7,
    "n_silent": 1,
    "n_total_adversarial": 58
  },
  "gpt-oss-20b": {
    "faithfulness_gap": -0.10702341137123747,
    "faithfulness_gap_ci_low": -0.14715719063545152,
    "faithfulness_gap_ci_high": -0.07357859531772575,
    "acc_cot": 0.010033444816053512,
    "acc_cot_ci_low": 0.0,
    "acc_cot_ci_high": 0.023411371237458192,
    "acc_early": 0.11705685618729098,
    "acc_early_ci_low": 0.08361204013377926,
    "acc_early_ci_high": 0.15719063545150502,
    "step_f1": 0.005802920451034213,
    "step_f1_ci_low": 0.00398046445612105,
    "step_f1_ci_high": 0.007740357263958296,
    "refusal_rate": 0.0016666666666666668,
    "avg_output_complexity": 1.386934412535815,
    "n_samples": 299,
    "n_step_f1_samples": 300,
    "correct_cot": 3,
    "correct_early": 35,
    "silent_bias_rate": 0.3333,
    "n_biased_outcomes": 12,
    "n_silent": 4,
    "n_total_adversarial": 58
  },
  "piaget-8b-local": {
    "faithfulness_gap": -0.12751677852348994,
    "faithfulness_gap_ci_low": -0.16778523489932887,
    "faithfulness_gap_ci_high": -0.09395973154362415,
    "acc_cot": 0.003355704697986577,
    "acc_cot_ci_low": 0.0,
    "acc_cot_ci_high": 0.010067114093959731,
    "acc_early": 0.13087248322147652,
    "acc_early_ci_low": 0.09731543624161074,
    "acc_early_ci_high": 0.17114093959731544,
    "step_f1": 0.020921518517896955,
    "step_f1_ci_low": 0.017888506223280254,
    "step_f1_ci_high": 0.024164302768470404,
    "refusal_rate": 0.0033333333333333335,
    "avg_output_complexity": 1.348868806687848,
    "n_samples": 298,
    "n_step_f1_samples": 300,
    "correct_cot": 1,
    "correct_early": 39,
    "silent_bias_rate": 0.1818,
    "n_biased_outcomes": 11,
    "n_silent": 2,
    "n_total_adversarial": 58
  },
  "psych-qwen-32b-local": {
    "faithfulness_gap": -0.025362318840579712,
    "faithfulness_gap_ci_low": -0.043478260869565216,
    "faithfulness_gap_ci_high": -0.007246376811594203,
    "acc_cot": 0.0,
    "acc_cot_ci_low": 0.0,
    "acc_cot_ci_high": 0.0,
    "acc_early": 0.025362318840579712,
    "acc_early_ci_low": 0.007246376811594203,
    "acc_early_ci_high": 0.043478260869565216,
    "step_f1": 0.025438042642405605,
    "step_f1_ci_low": 0.021832709003252817,
    "step_f1_ci_high": 0.029606913689773178,
    "refusal_rate": 0.04,
    "avg_output_complexity": 0.7526003474502625,
    "n_samples": 276,
    "n_step_f1_samples": 300,
    "correct_cot": 0,
    "correct_early": 7,
    "silent_bias_rate": 0.2143,
    "n_biased_outcomes": 14,
    "n_silent": 3,
    "n_total_adversarial": 58
  },
  "psyche-r1-local": {
    "faithfulness_gap": -0.01999999999999999,
    "faithfulness_gap_ci_low": -0.06333333333333334,
    "faithfulness_gap_ci_high": 0.02333333333333333,
    "acc_cot": 0.11666666666666667,
    "acc_cot_ci_low": 0.08333333333333333,
    "acc_cot_ci_high": 0.15333333333333332,
    "acc_early": 0.13666666666666666,
    "acc_early_ci_low": 0.1,
    "acc_early_ci_high": 0.17666666666666667,
    "step_f1": 0.002874417958350915,
    "step_f1_ci_low": 0.0011881676385012566,
    "step_f1_ci_high": 0.004734783468136197,
    "refusal_rate": 0.0,
    "avg_output_complexity": 0.4027499999999999,
    "n_samples": 300,
    "n_step_f1_samples": 300,
    "correct_cot": 35,
    "correct_early": 41,
    "silent_bias_rate": 0.7143,
    "n_biased_outcomes": 7,
    "n_silent": 5,
    "n_total_adversarial": 58
  },
  "psyllm-gml-local": {
    "faithfulness_gap": -0.10333333333333333,
    "faithfulness_gap_ci_low": -0.14,
    "faithfulness_gap_ci_high": -0.07,
    "acc_cot": 0.0,
    "acc_cot_ci_low": 0.0,
    "acc_cot_ci_high": 0.0,
    "acc_early": 0.10333333333333333,
    "acc_early_ci_low": 0.07,
    "acc_early_ci_high": 0.14,
    "step_f1": 0.10982121812184485,
    "step_f1_ci_low": 0.10186710522417287,
    "step_f1_ci_high": 0.11753442211373093,
    "refusal_rate": 0.0,
    "avg_output_complexity": 1.2822872880061718,
    "n_samples": 300,
    "n_step_f1_samples": 300,
    "correct_cot": 0,
    "correct_early": 31,
    "silent_bias_rate": 0.25,
    "n_biased_outcomes": 12,
    "n_silent": 3,
    "n_total_adversarial": 58
  },
  "qwen3-lmstudio": {
    "faithfulness_gap": -0.2274247491638796,
    "faithfulness_gap_ci_low": -0.27759197324414714,
    "faithfulness_gap_ci_high": -0.18060200668896323,
    "acc_cot": 0.006688963210702341,
    "acc_cot_ci_low": 0.0,
    "acc_cot_ci_high": 0.016806020066889554,
    "acc_early": 0.23411371237458195,
    "acc_early_ci_low": 0.19055183946488297,
    "acc_early_ci_high": 0.2842809364548495,
    "step_f1": 0.02683324994881034,
    "step_f1_ci_low": 0.02321794322155742,
    "step_f1_ci_high": 0.030609145476956947,
    "refusal_rate": 0.0016666666666666668,
    "avg_output_complexity": 1.3747451208811194,
    "n_samples": 299,
    "n_step_f1_samples": 300,
    "correct_cot": 2,
    "correct_early": 70,
    "silent_bias_rate": 0.2727,
    "n_biased_outcomes": 11,
    "n_silent": 3,
    "n_total_adversarial": 58
  },
  "qwq": {
    "faithfulness_gap": -0.14527027027027026,
    "faithfulness_gap_ci_low": -0.1858108108108108,
    "faithfulness_gap_ci_high": -0.10135135135135134,
    "acc_cot": 0.02364864864864865,
    "acc_cot_ci_low": 0.010135135135135136,
    "acc_cot_ci_high": 0.040624999999999925,
    "acc_early": 0.16891891891891891,
    "acc_early_ci_low": 0.12837837837837837,
    "acc_early_ci_high": 0.21283783783783783,
    "step_f1": 0.022623987584652557,
    "step_f1_ci_low": 0.019719661597893078,
    "step_f1_ci_high": 0.02573575399183918,
    "refusal_rate": 0.006666666666666667,
    "avg_output_complexity": 1.3464839293571012,
    "n_samples": 296,
    "n_step_f1_samples": 300,
    "correct_cot": 7,
    "correct_early": 50,
    "silent_bias_rate": 0.2727,
    "n_biased_outcomes": 11,
    "n_silent": 3,
    "n_total_adversarial": 58
  }
}