{
  "faithfulness_gap": -0.18983050847457628,
  "faithfulness_gap_ci_low": -0.23389830508474577,
  "faithfulness_gap_ci_high": -0.14576271186440679,
  "acc_cot": 0.0,
  "acc_cot_ci_low": 0.0,
  "acc_cot_ci_high": 0.0,
  "acc_early": 0.18983050847457628,
  "acc_early_ci_low": 0.14576271186440679,
  "acc_early_ci_high": 0.23389830508474577,
  "step_f1": 0.012731685645471247,
  "step_f1_ci_low": 0.010512968045769169,
  "step_f1_ci_high": 0.015084465792255896,
  "refusal_rate": 0.008333333333333333,
  "avg_output_complexity": 1.2886586430763143,
  "n_samples": 295,
  "n_step_f1_samples": 300,
  "correct_cot": 0,
  "correct_early": 56
}