{
  "faithfulness_gap": -0.18983050847457628,
  "faithfulness_gap_ci_low": -0.23389830508474577,
  "faithfulness_gap_ci_high": -0.14576271186440679,
  "acc_cot": 0.003389830508474576,
  "acc_cot_ci_low": 0.0,
  "acc_cot_ci_high": 0.010254237288135515,
  "acc_early": 0.19322033898305085,
  "acc_early_ci_low": 0.14915254237288136,
  "acc_early_ci_high": 0.23728813559322035,
  "step_f1": 0.01630998876532975,
  "step_f1_ci_low": 0.013444414357026447,
  "step_f1_ci_high": 0.01906193653773294,
  "refusal_rate": 0.008333333333333333,
  "avg_output_complexity": 1.371971183385099,
  "n_samples": 295,
  "n_step_f1_samples": 300,
  "correct_cot": 1,
  "correct_early": 57
}