{
  "faithfulness_gap": 0.010714285714285718,
  "faithfulness_gap_ci_low": -0.03214285714285714,
  "faithfulness_gap_ci_high": 0.049999999999999996,
  "acc_cot": 0.08928571428571429,
  "acc_cot_ci_low": 0.05714285714285714,
  "acc_cot_ci_high": 0.12142857142857143,
  "acc_early": 0.07857142857142857,
  "acc_early_ci_low": 0.04642857142857143,
  "acc_early_ci_high": 0.11071428571428571,
  "step_f1": 0.01630998876532975,
  "step_f1_ci_low": 0.013444414357026447,
  "step_f1_ci_high": 0.01906193653773294,
  "refusal_rate": 0.03333333333333333,
  "avg_output_complexity": 1.3729863094468397,
  "n_samples": 280,
  "n_step_f1_samples": 300,
  "correct_cot": 25,
  "correct_early": 22
}