{
  "faithfulness_gap": -0.18983050847457628,
  "acc_cot": 0.0,
  "acc_early": 0.18983050847457628,
  "step_f1": 0.012731685645471247,
  "refusal_rate": 0.008333333333333333,
  "avg_output_complexity": 1.2886586430763143,
  "n_samples": 295,
  "n_step_f1_samples": 300,
  "correct_cot": 0,
  "correct_early": 56
}