{
  "faithfulness_gap": -0.10702341137123747,
  "faithfulness_gap_ci_low": -0.14715719063545152,
  "faithfulness_gap_ci_high": -0.07357859531772575,
  "acc_cot": 0.010033444816053512,
  "acc_cot_ci_low": 0.0,
  "acc_cot_ci_high": 0.023411371237458192,
  "acc_early": 0.11705685618729098,
  "acc_early_ci_low": 0.08361204013377926,
  "acc_early_ci_high": 0.15719063545150502,
  "step_f1": 0.005802920451034213,
  "step_f1_ci_low": 0.00398046445612105,
  "step_f1_ci_high": 0.007740357263958296,
  "refusal_rate": 0.0016666666666666668,
  "avg_output_complexity": 1.386934412535815,
  "n_samples": 299,
  "n_step_f1_samples": 300,
  "correct_cot": 3,
  "correct_early": 35
}