{
  "faithfulness_gap": -0.1342281879194631,
  "faithfulness_gap_ci_low": -0.17785234899328858,
  "faithfulness_gap_ci_high": -0.09731543624161074,
  "acc_cot": 0.003355704697986577,
  "acc_cot_ci_low": 0.0,
  "acc_cot_ci_high": 0.010067114093959731,
  "acc_early": 0.13758389261744966,
  "acc_early_ci_low": 0.10067114093959731,
  "acc_early_ci_high": 0.17793624161073818,
  "step_f1": 0.02084066843704687,
  "step_f1_ci_low": 0.017741063994438137,
  "step_f1_ci_high": 0.024104344498000356,
  "refusal_rate": 0.0033333333333333335,
  "avg_output_complexity": 1.471559185180652,
  "n_samples": 298,
  "n_step_f1_samples": 300,
  "correct_cot": 1,
  "correct_early": 41
}