{
  "faithfulness_gap": -0.12751677852348994,
  "faithfulness_gap_ci_low": -0.16778523489932887,
  "faithfulness_gap_ci_high": -0.09395973154362415,
  "acc_cot": 0.003355704697986577,
  "acc_cot_ci_low": 0.0,
  "acc_cot_ci_high": 0.010067114093959731,
  "acc_early": 0.13087248322147652,
  "acc_early_ci_low": 0.09731543624161074,
  "acc_early_ci_high": 0.17114093959731544,
  "step_f1": 0.013928109107020923,
  "step_f1_ci_low": 0.011527632073936783,
  "step_f1_ci_high": 0.01622126702353327,
  "refusal_rate": 0.0033333333333333335,
  "avg_output_complexity": 1.348868806687848,
  "n_samples": 298,
  "n_step_f1_samples": 300,
  "correct_cot": 1,
  "correct_early": 39
}