{
  "faithfulness_gap": -0.006896551724137931,
  "faithfulness_gap_ci_low": -0.04827586206896552,
  "faithfulness_gap_ci_high": 0.034482758620689655,
  "acc_cot": 0.07241379310344828,
  "acc_cot_ci_low": 0.04482758620689655,
  "acc_cot_ci_high": 0.10344827586206896,
  "acc_early": 0.07931034482758621,
  "acc_early_ci_low": 0.04827586206896552,
  "acc_early_ci_high": 0.11379310344827587,
  "step_f1": 0.020921518517896955,
  "step_f1_ci_low": 0.017888506223280254,
  "step_f1_ci_high": 0.024164302768470404,
  "refusal_rate": 0.016666666666666666,
  "avg_output_complexity": 1.456137698541176,
  "n_samples": 290,
  "n_step_f1_samples": 300,
  "correct_cot": 21,
  "correct_early": 23
}