{
  "faithfulness_gap": -0.02173913043478261,
  "faithfulness_gap_ci_low": -0.03985507246376812,
  "faithfulness_gap_ci_high": -0.003623188405797101,
  "acc_cot": 0.0036231884057971015,
  "acc_cot_ci_low": 0.0,
  "acc_cot_ci_high": 0.014492753623188406,
  "acc_early": 0.025362318840579712,
  "acc_early_ci_low": 0.007246376811594203,
  "acc_early_ci_high": 0.043478260869565216,
  "step_f1": 0.025438042642405605,
  "step_f1_ci_low": 0.021832709003252817,
  "step_f1_ci_high": 0.029606913689773178,
  "refusal_rate": 0.04,
  "avg_output_complexity": 0.8436648688922194,
  "n_samples": 276,
  "n_step_f1_samples": 300,
  "correct_cot": 1,
  "correct_early": 7
}