{
  "faithfulness_gap": -0.01999999999999999,
  "faithfulness_gap_ci_low": -0.06333333333333334,
  "faithfulness_gap_ci_high": 0.02333333333333333,
  "acc_cot": 0.11666666666666667,
  "acc_cot_ci_low": 0.08333333333333333,
  "acc_cot_ci_high": 0.15333333333333332,
  "acc_early": 0.13666666666666666,
  "acc_early_ci_low": 0.1,
  "acc_early_ci_high": 0.17666666666666667,
  "step_f1": 0.002874417958350915,
  "step_f1_ci_low": 0.0011881676385012566,
  "step_f1_ci_high": 0.004734783468136197,
  "refusal_rate": 0.0,
  "avg_output_complexity": 0.4031833333333331,
  "n_samples": 300,
  "n_step_f1_samples": 300,
  "correct_cot": 35,
  "correct_early": 41
}