{
  "faithfulness_gap": -0.07936507936507936,
  "faithfulness_gap_ci_low": -0.14285714285714285,
  "faithfulness_gap_ci_high": -0.021164021164021163,
  "acc_cot": 0.1164021164021164,
  "acc_cot_ci_low": 0.07407407407407407,
  "acc_cot_ci_high": 0.15873015873015872,
  "acc_early": 0.19576719576719576,
  "acc_early_ci_low": 0.13756613756613756,
  "acc_early_ci_high": 0.25396825396825395,
  "step_f1": 0.002874417958350915,
  "step_f1_ci_low": 0.0011881676385012566,
  "step_f1_ci_high": 0.004734783468136197,
  "refusal_rate": 0.19,
  "avg_output_complexity": 0.41230687830687834,
  "n_samples": 189,
  "n_step_f1_samples": 300,
  "correct_cot": 22,
  "correct_early": 37
}