{
  "faithfulness_gap": -0.013468013468013467,
  "faithfulness_gap_ci_low": -0.03703703703703704,
  "faithfulness_gap_ci_high": 0.0101010101010101,
  "acc_cot": 0.013468013468013467,
  "acc_cot_ci_low": 0.003367003367003367,
  "acc_cot_ci_high": 0.026936026936026935,
  "acc_early": 0.026936026936026935,
  "acc_early_ci_low": 0.010101010101010102,
  "acc_early_ci_high": 0.04713804713804714,
  "step_f1": 0.10982121812184485,
  "step_f1_ci_low": 0.10186710522417287,
  "step_f1_ci_high": 0.11753442211373093,
  "refusal_rate": 0.005,
  "avg_output_complexity": 1.2869650112875266,
  "n_samples": 297,
  "n_step_f1_samples": 300,
  "correct_cot": 4,
  "correct_early": 8
}