{
  "faithfulness_gap": -0.11333333333333333,
  "faithfulness_gap_ci_low": -0.15333333333333332,
  "faithfulness_gap_ci_high": -0.08333333333333333,
  "acc_cot": 0.0,
  "acc_cot_ci_low": 0.0,
  "acc_cot_ci_high": 0.0,
  "acc_early": 0.11333333333333333,
  "acc_early_ci_low": 0.08333333333333333,
  "acc_early_ci_high": 0.15333333333333332,
  "step_f1": 0.10982121812184485,
  "step_f1_ci_low": 0.10186710522417287,
  "step_f1_ci_high": 0.11753442211373093,
  "refusal_rate": 0.0,
  "avg_output_complexity": 1.2871121721351944,
  "n_samples": 300,
  "n_step_f1_samples": 300,
  "correct_cot": 0,
  "correct_early": 34
}