{
  "faithfulness_gap": -0.2274247491638796,
  "faithfulness_gap_ci_low": -0.27759197324414714,
  "faithfulness_gap_ci_high": -0.18060200668896323,
  "acc_cot": 0.006688963210702341,
  "acc_cot_ci_low": 0.0,
  "acc_cot_ci_high": 0.016806020066889554,
  "acc_early": 0.23411371237458195,
  "acc_early_ci_low": 0.19055183946488297,
  "acc_early_ci_high": 0.2842809364548495,
  "step_f1": 0.008794777951021144,
  "step_f1_ci_low": 0.006875341239381945,
  "step_f1_ci_high": 0.010781029262299941,
  "refusal_rate": 0.0016666666666666668,
  "avg_output_complexity": 1.3747451208811194,
  "n_samples": 299,
  "n_step_f1_samples": 300,
  "correct_cot": 2,
  "correct_early": 70
}