{
  "faithfulness_gap": -0.14527027027027026,
  "acc_cot": 0.02364864864864865,
  "acc_early": 0.16891891891891891,
  "step_f1": 0.01053363774172822,
  "refusal_rate": 0.006666666666666667,
  "avg_output_complexity": 1.3464839293571012,
  "n_samples": 296,
  "n_step_f1_samples": 300,
  "correct_cot": 7,
  "correct_early": 50
}