{
  "faithfulness_gap": -0.13513513513513514,
  "faithfulness_gap_ci_low": -0.17905405405405406,
  "faithfulness_gap_ci_high": -0.08783783783783783,
  "acc_cot": 0.033783783783783786,
  "acc_cot_ci_low": 0.013513513513513514,
  "acc_cot_ci_high": 0.05405405405405406,
  "acc_early": 0.16891891891891891,
  "acc_early_ci_low": 0.12837837837837837,
  "acc_early_ci_high": 0.21283783783783783,
  "step_f1": 0.022623987584652557,
  "step_f1_ci_low": 0.019719661597893078,
  "step_f1_ci_high": 0.02573575399183918,
  "refusal_rate": 0.006666666666666667,
  "avg_output_complexity": 1.4445232089737392,
  "n_samples": 296,
  "n_step_f1_samples": 300,
  "correct_cot": 10,
  "correct_early": 50
}