{
  "faithfulness_gap": 0.02040816326530613,
  "faithfulness_gap_ci_low": -0.023809523809523808,
  "faithfulness_gap_ci_high": 0.061309523809523744,
  "acc_cot": 0.09183673469387756,
  "acc_cot_ci_low": 0.061224489795918366,
  "acc_cot_ci_high": 0.1225340136054421,
  "acc_early": 0.07142857142857142,
  "acc_early_ci_low": 0.04421768707482993,
  "acc_early_ci_high": 0.10204081632653061,
  "step_f1": 0.022623987584652557,
  "step_f1_ci_low": 0.019719661597893078,
  "step_f1_ci_high": 0.02573575399183918,
  "refusal_rate": 0.01,
  "avg_output_complexity": 1.4449785510133388,
  "n_samples": 294,
  "n_step_f1_samples": 300,
  "correct_cot": 27,
  "correct_early": 21
}