{
  "faithfulness_gap": -0.14527027027027026,
  "faithfulness_gap_ci_low": -0.1858108108108108,
  "faithfulness_gap_ci_high": -0.10135135135135134,
  "acc_cot": 0.02364864864864865,
  "acc_cot_ci_low": 0.010135135135135136,
  "acc_cot_ci_high": 0.040624999999999925,
  "acc_early": 0.16891891891891891,
  "acc_early_ci_low": 0.12837837837837837,
  "acc_early_ci_high": 0.21283783783783783,
  "step_f1": 0.01053363774172822,
  "step_f1_ci_low": 0.008705143573237244,
  "step_f1_ci_high": 0.012463577973842918,
  "refusal_rate": 0.006666666666666667,
  "avg_output_complexity": 1.3464839293571012,
  "n_samples": 296,
  "n_step_f1_samples": 300,
  "correct_cot": 7,
  "correct_early": 50
}